Source,Millenium - Headline - A8,Millenium - Headline - A18,Own calculations,Millenium - Headline - A12,Millenium - Headline - A12,Millenium - Headline - A12,Millenium - Headline - A35,Millenium - Headline - A35,Millenium - Headline - A50,Millenium - A14- Total production and construction,Millenium - Headline - A47,Millenium - Headline - A47,Millenium - Headline - A47,Millenium - A47 - J,Millenium - Headline - A47,Millenium - Headline - A31,Millenium - Headline - A32,"Mitchell (1988) Chapter XIV Table 1, page 719 ",Clark 2003,Clark 2003,Clark 2003,Jeffreys/Walters,Jeffreys/Walters,Jeffreys/Walters,,,,,,,,,,,,,
Year,GDP,POP,GDPPC,CONS,INV,GCONS,EXP,IMP,URATE,PROD,CPI,WPI,GDEFL,CDEFL,WAGE,STX,HOUSE,COMPONENTS / WEIGHTS,Parable,Ppasture,Pwood,Warable,Wpasture,Wwood,,,,,,,,,,,,,
1700,10364.95612,6575.830855,1.576220001,,,,191.5887159,225.4299264,,0.420758817,0.774667047,1.226102847,0.789197149,,0.219758536,0.838103472,,,59.40977723,49.83978952,22.27579861,0.353,0.353,0.294,,,,,,,,,,,,,
1701,11294.90602,6613.147072,1.707947199,,,,205.7304157,223.7314817,,0.470671577,0.673623519,1.238487725,0.750920969,,0.222759497,0.760166612,,,47.19310952,49.29058779,19.69786639,,,,,,,,,,,,,,,,
1702,11003.60122,6656.532324,1.653053073,,,,140.8895684,157.8009485,,0.425439176,0.666887284,1.288027234,0.749562777,,0.230144411,0.808735958,,,45.74782996,51.31555903,20.52589634,,,,,,,,,,,,,,,,
1703,10298.41545,6709.838579,1.53482313,,,,181.6334867,171.7745158,,0.389809346,0.633206108,1.288027234,0.742706306,,0.229749989,0.939760187,,,44.28475704,47.25288276,20.63237254,,,,,,,,,,,,,,,,
1704,12260.28171,6739.712138,1.819110588,,,,182.1938804,205.7048078,,0.492371593,0.660151049,1.263257479,0.75618789,,0.22669165,0.939760187,,,50.64388441,44.09656701,19.68641541,,,,,,,,,,,,,,,,
1705,11636.51251,6753.543748,1.723023193,,,,182.707633,179.6380913,,0.44557205,0.599524932,1.263257479,0.741973738,,0.225965773,0.809865489,,,45.26569705,42.49617449,18.35402369,,,,,,,,,,,,,,,,
1706,9854.314587,6773.57538,1.454817291,,,,184.2376692,156.8745241,,0.359153368,0.680359754,1.21371797,0.720735473,,0.228680219,0.736446705,,,47.31781751,45.04943729,17.64525352,,,,,,,,,,,,,,,,
1707,11071.25275,6804.4739,1.627054923,,,,190.3690355,164.7105301,,0.413612249,0.592788697,1.176563338,0.710164149,,0.228546049,0.804217883,,,46.38650058,42.7032346,18.90338157,,,,,,,,,,,,,,,,
1708,11784.40645,6834.3072,1.724301543,,,,194.4566131,181.3861685,,0.535228149,0.619733638,1.201333093,0.73378678,,0.233557183,0.885543286,,,56.41394323,42.49352255,18.71103253,,,,,,,,,,,,,,,,
1709,10209.25032,6856.886591,1.488904649,,,,194.9181138,174.1291777,,0.431810937,0.720777165,1.238487725,0.800757087,,0.214011204,0.878766147,,,74.33619235,43.0197359,19.48931419,,,,,,,,,,,,,,,,
1710,9281.871093,6883.353793,1.348451841,,,,192.676539,154.8286703,,0.365423059,0.821820693,1.312796988,0.825821494,,0.216695151,0.808735958,,,78.6158785,45.29581998,20.45160421,,,,,,,,,,,,,,,,
1711,10120.24099,6883.979613,1.470114898,,,,196.5663305,180.8843553,,0.372460166,0.909391751,1.34995162,0.766526268,,0.224675612,0.73192863,,,64.91558415,48.07379123,19.98791468,,,,,,,,,,,,,,,,
1712,10110.92366,6879.809085,1.469651779,,,,211.1857368,201.430533,,0.372460166,0.680359754,1.21371797,0.748332703,,0.225712066,0.761296143,,,56.67341683,46.07841035,21.65774928,,,,,,,,,,,,,,,,
1713,9676.896991,6894.065366,1.403656113,,,,227.1901979,224.3104969,,0.396258467,0.653414814,1.188948216,0.768478923,,0.226424388,0.856175772,,,56.48280307,46.05626664,20.59546333,,,,,,,,,,,,,,,,
1714,10644.65651,6920.761182,1.538075976,,,,263.8465386,228.8654167,,0.435167451,0.693832225,1.127023829,0.777716013,,0.232292728,0.884413754,,,65.51335156,44.6817449,20.59965493,,,,,,,,,,,,,,,,
1715,10345.93333,6931.369657,1.492624668,,,,228.2120923,217.7483244,,0.438307355,0.70056846,1.065099443,0.745695944,,0.237234021,0.944278262,,,55.34460259,43.97263905,20.00912311,,,,,,,,,,,,,,,,
1716,10737.30357,6974.287283,1.539555675,,,,232.3985628,223.8858858,,0.462528543,0.666887284,1.102254075,0.748660387,,0.234154234,0.998495215,,,57.67012057,46.5562716,18.43973459,,,,,,,,,,,,,,,,
1717,11342.67958,7022.230099,1.615253191,,,,263.6157882,245.0006409,,0.492872937,0.639942343,1.114638952,0.758886987,,0.238751919,1.123871889,,,55.50204067,45.69011674,18.81896852,,,,,,,,,,,,,,,,
1718,11983.21818,7070.234676,1.694882663,,,,209.6861359,257.4301676,,0.494435696,0.626469873,1.127023829,0.755168592,,0.237600594,1.199549685,,,50.57203007,46.11976322,18.70560712,,,,,,,,,,,,,,,,
1719,11772.10684,7118.301305,1.653780352,,,,225.3112308,207.1716464,,0.525328727,0.653414814,1.139408707,0.740871354,,0.230519383,1.189384004,,,51.22316406,46.54502786,19.29416705,,,,,,,,,,,,,,,,
1720,12522.96223,7099.290617,1.763973741,,,,227.8165203,235.0801801,,0.503734694,0.68709599,1.127023829,0.766607582,,0.23787846,2.41604214,,,59.71653641,48.26668757,19.6990089,,,,,,,,,,,,,,,,
1721,12034.41491,7095.216182,1.696130829,,,,237.3761774,228.0547954,,0.474607472,0.673623519,1.102254075,0.734221316,,0.231995888,1.025603665,,,53.97550762,46.56185442,18.69851904,,,,,,,,,,,,,,,,
1722,12162.75566,7104.851247,1.711894484,,,,272.4502301,246.1972723,,0.499333725,0.619733638,1.127023829,0.718987175,,0.222983918,0.82793779,,,47.29967558,42.63561438,19.58242196,,,,,,,,,,,,,,,,
1723,11870.5824,7133.191078,1.664133523,,,,243.8042228,251.1382022,,0.498261658,0.599524932,1.065099443,0.735380909,,0.242230268,0.859564315,,,49.80263138,42.21792357,19.03427545,,,,,,,,,,,,,,,,
1724,11752.06718,7160.333523,1.641273711,,,,250.5619115,285.4159033,,0.475052845,0.633206108,1.07748432,0.735272966,,0.229251043,0.934112632,,,54.84831132,44.09712663,19.33496906,,,,,,,,,,,,,,,,
1725,12058.67355,7188.768875,1.677432362,,,,279.5705264,273.8741999,,0.49208272,0.653414814,1.07748432,0.74951684,,0.222368732,1.102410994,,,58.30470046,44.85585188,19.82945235,,,,,,,,,,,,,,,,
1726,11686.43697,7245.550176,1.612912297,,,,253.5946303,257.7775768,,0.501923166,0.68709599,1.139408707,0.766500156,,0.230065024,1.024474185,,,61.37244403,44.56682731,20.93135607,,,,,,,,,,,,,,,,
1727,11615.52964,7284.926705,1.594460743,,,,239.8155382,262.4482995,,0.480100886,0.646678578,1.201333093,0.755773419,,0.228358388,1.067395925,,,59.85770883,45.66585643,19.25559802,,,,,,,,,,,,,,,,
1728,11969.96848,7218.325861,1.658274884,,,,287.0204662,292.1710809,,0.465991551,0.666887284,1.176563338,0.799012089,,0.22886021,1.114835739,,,74.20329267,46.02374501,20.31480285,,,,,,,,,,,,,,,,
1729,11304.75357,7109.255631,1.590145883,,,,271.5931573,291.0902525,,0.425362624,0.70056846,1.176563338,0.781887007,,0.231292436,1.093374843,,,67.23876415,48.37763763,20.54470667,,,,,,,,,,,,,,,,
1730,11563.50116,7027.564699,1.645449264,,,,281.8121012,300.315895,,0.457092918,0.639942343,1.21371797,0.731785614,,0.246672861,1.140814658,,,51.82553594,44.60862828,19.73749892,,,,,,,,,,,,,,,,
1731,11379.8006,7021.984128,1.620596173,,,,259.1985673,269.8982954,,0.447671476,0.592788697,1.176563338,0.724915527,,0.246908141,1.174700247,,,48.53422385,46.17006128,19.79122831,,,,,,,,,,,,,,,,
1732,12135.88571,7050.131843,1.721370037,,,,292.4266172,273.6039928,,0.464821103,0.599524932,1.114638952,0.699869221,,0.245718994,1.181477385,,,44.79588767,46.75585879,18.13559034,,,,,,,,,,,,,,,,
1733,12404.93597,7080.587597,1.751964198,,,,291.3387941,309.4643356,,0.487558105,0.572579991,1.065099443,0.705716879,,0.251821663,1.147591796,,,45.3929495,44.06635166,19.7669396,,,,,,,,,,,,,,,,
1734,12360.13621,7144.877102,1.729929855,,,,273.6039818,273.9128009,,0.486755503,0.592788697,1.065099443,0.708130356,,0.243739057,1.048194092,,,50.44760329,41.84941207,19.65337,,,,,,,,,,,,,,,,
1735,12066.90207,7200.517468,1.675838177,,,,307.5242827,314.9842807,,0.484068123,0.599524932,1.027944811,0.721809603,,0.246958945,1.091115832,,,56.06139794,41.72114661,18.38876398,,,,,,,,,,,,,,,,
1736,12963.83939,7250.000262,1.788115714,,,,319.852944,282.0962161,,0.486604652,0.586052462,1.015559934,0.716858793,,0.250766609,1.217621986,,,55.55705489,42.01392675,19.32515905,,,,,,,,,,,,,,,,
1737,12269.51863,7287.059358,1.683740728,,,,332.346427,273.0635786,,0.439180671,0.626469873,1.003175057,0.706569019,,0.24871065,1.241341893,,,53.61168324,44.17632365,18.92184027,,,,,,,,,,,,,,,,
1738,12498.73423,7314.183753,1.708835142,,,,336.1043612,287.152949,,0.48576665,0.612997402,1.003175057,0.696222056,,0.247641066,1.226658136,,,51.1427072,43.98045652,18.31357018,,,,,,,,,,,,,,,,
1739,12415.22126,7353.908997,1.688247879,,,,291.5365801,302.2073448,,0.476362495,0.599524932,1.07748432,0.70070022,,0.246267022,1.128389964,,,50.90129063,43.01311129,17.6390964,,,,,,,,,,,,,,,,
1740,12206.65102,7387.452282,1.652349221,,,,270.2086553,258.7812031,,0.462472428,0.673623519,1.102254075,0.756914387,,0.235329285,1.094504375,,,65.60426762,47.50121613,18.58148816,,,,,,,,,,,,,,,,
1741,12563.07551,7399.761718,1.697767575,,,,315.4686874,306.3376534,,0.478923975,0.727513401,1.201333093,0.766426984,,0.24268306,1.102410994,,,66.18490409,49.15786642,18.4701668,,,,,,,,,,,,,,,,
1742,12852.31246,7323.086088,1.755040471,,,,315.6335091,265.0731685,,0.473110675,0.666887284,1.201333093,0.74855224,,0.244497901,1.112576675,,,51.43967487,50.91002085,18.74224047,,,,,,,,,,,,,,,,
1743,12550.03954,7316.66118,1.715268649,,,,372.8266306,301.1651174,,0.475832052,0.633206108,1.127023829,0.739635011,,0.248059374,1.149850808,,,44.7310217,46.50758586,19.07573913,,,,,,,,,,,,,,,,
1744,12374.61666,7360.488416,1.681222217,,,,302.9752044,245.6182571,,0.482438027,0.565843756,1.21371797,0.734173308,,0.251558793,1.120483346,,,41.69141405,44.58443369,17.41416273,,,,,,,,,,,,,,,,
1745,12556.92482,7434.071658,1.689104625,,,,299.0524485,302.902163,,0.488471395,0.572579991,1.003175057,0.715516704,,0.249074455,1.110317664,,,45.09229857,43.53172198,19.27362006,,,,,,,,,,,,,,,,
1746,12951.39197,7478.831371,1.731740071,,,,354.9269966,239.5578978,,0.504111096,0.626469873,1.127023829,0.735165131,,0.251429171,1.02899226,,,49.83820571,44.28949961,18.63664539,,,,,,,,,,,,,,,,
1747,13541.55242,7512.326514,1.802577722,,,,322.2263761,274.7234222,,0.494647815,0.606261167,1.065099443,0.724218486,,0.246391815,1.014308503,,,46.69555654,45.29861366,18.24485869,,,,,,,,,,,,,,,,
1748,13396.66948,7530.771831,1.778923831,,,,367.255658,314.0578563,,0.533597183,0.633206108,1.102254075,0.738212576,,0.249791095,1.014308503,,,50.106821,45.25183526,15.56447113,,,,,,,,,,,,,,,,
1749,13317.1963,7578.169362,1.757310461,,,,417.9548054,305.6428351,,0.519749731,0.646678578,1.127023829,0.745989679,,0.247075615,1.084338693,,,53.02563202,45.81164436,18.65635474,,,,,,,,,,,,,,,,
1750,13510.22605,7638.744772,1.768644779,,,,418.6140921,300.0070869,,0.565206466,0.639942343,1.089869198,0.743178876,,0.249044452,1.129519496,,,50.58295944,46.11185724,20.09245406,,,,,,,,,,,,,,,,
1751,13217.92002,7695.963706,1.717513299,,,,409.3840783,306.6078605,,0.544926424,0.656782931,1.052714566,0.746911041,,0.249044452,1.154368883,,,53.29224178,47.43817255,18.87401909,,,,,,,,,,,,,,,,
1752,13868.93368,7754.33692,1.788538959,,,,385.5178996,304.5234057,,0.565592388,0.698884401,1.003175057,0.766725185,,0.249044452,1.201808749,,,58.32461846,48.22901939,21.02468713,,,,,,,,,,,,,,,,
1753,13992.01684,7820.612916,1.789120238,,,,404,333,,1,0.690464107,1.003175057,0.753460258,,0.249044452,1.215362974,,,59.17798622,45.73166557,21.083196,,,,,,,,,,,,,,,,
1754,13599.98924,7879.538443,1.725988056,,,,389,312,,1,0.682043813,1.102254075,0.747374416,,0.249044452,1.180347853,,,55.15789824,49.96303999,21.53388681,,,,,,,,,,,,,,,,
1755,14012.19753,7937.282094,1.765364688,,,,365,339,,1,0.648362637,1.127023829,0.734020819,,0.249044452,1.097892918,,,50.40406234,47.41592511,19.53541212,,,,,,,,,,,,,,,,
1756,13774.80803,8003.891683,1.721013799,,,,386,346,,1,0.698884401,1.151793584,0.7692,,0.249044452,1.010919908,,,59.16040012,45.62312326,18.66687056,,,,,,,,,,,,,,,,
1757,14568.21823,8042.966417,1.811299149,,,,407,357,,1,0.892551163,1.164178461,0.821364626,,0.233479174,1.026733197,,,79.59575783,49.36130808,19.71882622,,,,,,,,,,,,,,,,
1758,14770.86369,8069.601414,1.830432871,,,,416,325,,1,0.842029399,1.250872602,0.814810099,,0.233479174,1.038028411,,,67.71759735,52.78110721,19.35134304,,,,,,,,,,,,,,,,
1759,15004.52514,8103.874415,1.851524884,,,,460,344,,1,0.732565577,1.250872602,0.760582171,,0.249044452,0.947666857,,,52.55243308,50.37253415,19.23535179,,,,,,,,,,,,,,,,
1760,15440.56163,8157.051622,1.892909637,,,,484,380,4,1,0.673623519,1.263257479,0.764790947,,0.241261813,0.937501175,,,51.73970079,48.22574212,20.66441884,,,,,,,,,,,,,,,,
1761,16055.1976,8217.836337,1.953701308,,,,490,330,3,1,0.665203225,1.250872602,0.748693028,,0.241261813,0.902486055,,,48.40762186,47.07616727,17.85662923,,,,,,,,,,,,,,,,
1762,15608.59775,8254.930296,1.890821265,,,,453,342,4,1,0.690464107,1.263257479,0.763622583,,0.241261813,0.856175772,,,55.97994735,47.04291533,18.68987297,,,,,,,,,,,,,,,,
1763,15557.34901,8245.856114,1.886686936,,,,484,432,5,1,0.707304695,1.263257479,0.80495726,,0.272392369,1.061748318,,,66.61224214,48.43050407,18.67619699,,,,,,,,,,,,,,,,
1764,15550.73386,8291.959723,1.875399107,,,,536,401,5,1,0.774667047,1.250872602,0.812934558,,0.26460973,0.983811458,,,66.70753806,49.44372779,19.73648247,,,,,,,,,,,,,,,,
1765,15424.64536,8360.668321,1.844905786,,,,480,424,5,1,0.816768517,1.226102847,0.82155864,,0.26460973,1.093374843,,,71.96812685,50.49959992,22.50423075,,,,,,,,,,,,,,,,
1766,15630.70139,8404.488061,1.859804104,,,,464,444,5,1,0.816768517,1.226102847,0.830086538,,0.26460973,1.146462264,,,72.7287939,52.89350455,19.65526664,,,,,,,,,,,,,,,,
1767,15738.35904,8432.198303,1.866459786,,,,457,466,5,1,0.943072927,1.226102847,0.855990444,,0.26460973,1.241341893,,,78.14152038,52.55842534,19.61254328,,,,,,,,,,,,,,,,
1768,15883.31607,8461.294514,1.877173291,,,,498,459,4,1,0.917812045,1.21371797,0.827631971,,0.287957647,1.303465464,,,73.57304464,50.93395043,20.4267706,,,,,,,,,,,,,,,,
1769,16780.8685,8521.707446,1.96919087,,,,443,460,3,1,0.791507635,1.139408707,0.796269623,,0.287957647,1.258284713,,,62.70480528,50.37352992,20.32078644,,,,,,,,,,,,,,,,
1770,16322.37247,8585.970206,1.901051608,,,,470,472,4,1,0.825188811,1.164178461,0.802035715,,0.287957647,1.165664096,,,63.41559089,51.88767272,21.35447511,,,,,,,,,,,,,,,,
1771,16627.29627,8645.359078,1.923262657,,,,564,495,4,1,0.87441374,1.164178461,0.838276851,,0.291097862,1.187124992,,,77.11838375,53.72430722,20.33295207,,,,,,,,,,,,,,,,
1772,16202.55259,8714.826753,1.859193883,,,,533,514,4,1,0.916478679,1.21371797,0.865147879,,0.293610033,1.211974379,,,82.63471046,58.31773177,21.78113711,,,,,,,,,,,,,,,,
1773,16491.44735,8786.893571,1.876823386,,,,503,453,4,1,0.920058674,1.226102847,0.865648165,,0.293610033,1.121612826,,,86.10806375,59.90866469,23.78382731,,,,,,,,,,,,,,,,
1774,16124.60234,8855.338966,1.820890471,,,,531,512,5,1,0.906633694,1.21371797,0.88113702,,0.294866119,1.145332733,,,86.52941947,56.98292973,21.26780283,,,,,,,,,,,,,,,,
1775,16639.77874,8951.25441,1.858932612,,,,511,524,4,1,0.898578705,1.21371797,0.886879552,,0.294552097,1.180347853,,,81.5763912,56.59762593,22.90250573,,,,,,,,,,,,,,,,
1776,17178.7502,9039.806348,1.900344934,,,,463,424,4,1,0.841298788,1.250872602,0.870020146,,0.294552097,1.178088842,,,69.04195373,58.87081141,22.69566245,,,,,,,,,,,,,,,,
1777,17675.69206,9130.945662,1.935800816,,,,418,398,3,1,0.877993735,1.263257479,0.893455444,,0.302088612,1.137426114,,,76.15136612,58.72747569,22.90349055,,,,,,,,,,,,,,,,
1778,17552.40923,9229.637577,1.901744146,,,,385,374,4,1,0.891418715,1.288027234,0.894933806,,0.306484911,0.986070521,,,70.60290638,57.69932223,23.95052693,,,,,,,,,,,,,,,,
1779,17504.36523,9319.743335,1.8782025,,,,356,331,5,1,0.845773781,1.362336497,0.868001844,,0.307740997,0.954443944,,,60.50625618,55.83446283,23.11040213,,,,,,,,,,,,,,,,
1780,18304.07141,9376.474871,1.952127176,,,,407,361,5,1,0.854723768,1.399491129,0.864418248,,0.311195233,0.875377604,,,60.73803097,55.66437695,20.47621206,,,,,,,,,,,,,,,,
1781,18825.50868,9482.938488,1.985197806,,,,325,395,4,1,0.938853647,1.362336497,0.96995176,,0.322814026,0.848269154,,,69.53122036,54.62351161,20.6966805,,,,,,,,,,,,,,,,
1782,18637.94622,9561.017354,1.949368517,,,,388,301,4,1,0.945118638,1.48618527,0.974232316,,0.321871961,0.829067321,,,74.87135178,54.53586654,19.92502192,,,,,,,,,,,,,,,,
1783,18542.01166,9589.69489,1.933535099,,,,436,402,4,1,0.947803634,1.449030638,0.955148651,,0.316219576,0.902486055,,,88.878806,58.69222552,19.32516872,,,,,,,,,,,,,,,,
1784,18615.16217,9685.36963,1.92198779,,,,458,531,4,1,0.900368703,1.337566743,0.918309611,,0.311509254,0.791793137,,,87.4334451,60.88890502,20.1811061,,,,,,,,,,,,,,,,
1785,18485.42762,9781.149375,1.889903416,,,,488,560,5,1,0.860988759,1.325181865,0.921282152,,0.311823276,0.884413754,,,73.87470695,61.93409915,19.92568942,,,,,,,,,,,,,,,,
1786,18808.77065,9889.394771,1.90191322,,,,506,535,4,1,0.855618767,1.399491129,0.973837851,,0.315905554,1.024474185,,,75.92379436,62.73419902,20.33334857,,,,,,,,,,,,,,,,
1787,18495.65163,10008.85146,1.847929475,,,,524,619,5,1,0.870833745,1.374721374,0.96832982,,0.317789683,1.059489254,,,74.76494725,63.4155327,20.30896319,,,,,,,,,,,,,,,,
1788,18453.28916,10116.05376,1.824158866,,,,532,638,5,1,0.884258726,1.399491129,0.936724582,,0.32375609,1.109188132,,,75.2113576,61.20968649,21.49560133,,,,,,,,,,,,,,,,
1789,18866.27886,10252.96358,1.84008055,,,,590,641,5,1,0.88157373,1.325181865,0.92272217,,0.32815239,1.135167051,,,81.82089477,63.64542862,20.94435847,,,,,,,,,,,,,,,,
1790,20298.11757,10373.92315,1.956648153,,,,609,684,4,1,0.938853647,1.325181865,0.945995053,,0.338515097,1.139685178,,,83.41539588,65.64975587,21.73307568,,,,,,,,,,,,,,,,
1791,20385.06969,10507.29896,1.940086578,,,,689,706,4,1,0.928113663,1.325181865,0.950553477,,0.344481504,1.217621986,,,80.5858376,63.47955566,22.30927084,,,,,,,,,,,,,,,,
1792,21204.28567,10632.24113,1.994338296,,,,746,729,4,1,0.906633694,1.301047351,1.006167676,,0.351703997,1.346387203,,,77.28067309,67.9053606,21.10230603,,,,,,,,,,,,,,,,
1793,20860.44995,10748.67594,1.940746009,,,,573,660,5,1,0.962123614,1.427014741,0.995793942,,0.368347132,1.172441235,,,87.13647489,68.80412699,22.12437241,,,,,,,,,,,,,,,,
1794,20185.32004,10850.47587,1.860316569,,,,734,766,8,1,0.991658571,1.455582125,1.005691726,,0.384676246,1.076432075,,,94.51060896,70.37346161,22.26041135,,,,,,,,,,,,,,,,
1795,22377.81829,10978.22331,2.038382502,,,,717,775,5,1,1.147388347,1.697912353,1.105885375,,0.412310132,1.056100711,,,121.1660109,75.09609601,22.4892929,,,,,,,,,,,,,,,,
1796,22779.4053,11093.80539,2.053344592,,,,874,797,5,1,1.175133307,1.716136374,1.137886753,,0.431151417,1.071914,,,117.1301182,81.62065461,22.7405989,,,,,,,,,,,,,,,,
1797,22614.07058,11242.65973,2.011452016,,,,872,703,5,1,1.057888476,1.568866581,1.148999011,,0.43837391,0.861823379,,,88.11558762,86.05810696,23.79236724,,,,,,,,,,,,,,,,
1798,22831.42121,11376.89441,2.00682369,,,,940,934,5,1,1.072208455,1.594601854,1.199837598,,0.453132917,0.840362483,,,83.864428,77.61372352,24.13007107,,,,,,,,,,,,,,,,
1799,23431.45953,11514.92837,2.034876708,,,,930,940,5,1,1.296853131,1.841364952,1.293999422,,0.475114417,0.982681926,,,115.1252651,81.8941584,25.32561477,,,,,,,,,,,,,,,,
1800,24573.50606,11595.50599,2.119226715,,,,1'028,1'037,4,1,1.68617757,2.230964973,1.408475927,,0.502434281,1.104670057,,,179.3166624,93.88518382,25.11986142,,,,,,,,,,,,,,,,
1801,24794.4262,11683.62634,2.122151588,,,,1'014,1'079,4,1,1.594887702,2.300536405,1.489699076,,0.503376345,1.105799589,,,187.6272865,104.1722656,26.07167106,,,,,,,,,,,,,,,,
1802,25082.05001,11788.06972,2.1277487,,,,1'166,1'078,5,1,1.230623227,1.805532586,1.275038648,,0.49332766,1.214233442,,,105.7652601,103.2631499,25.3253995,,,,,,,,,,,,,,,,
1803,24557.00681,11928.78412,2.058634523,,,,922,999,7,1,1.213618251,1.826465583,1.28452077,,0.502434281,1.031251272,,,98.92220665,102.917976,27.86116615,,,,,,,,,,,,,,,,
1804,24534.63291,12096.77401,2.028196351,,,,956,1'006,8,1,1.29774813,1.836070135,1.367804541,,0.525671867,1.005272353,,,100.8603263,101.8576542,28.54812686,,,,,,,,,,,,,,,,
1805,26023.07019,12280.04395,2.11913494,,,,924,1'036,6,1,1.4570579,2.01276926,1.408834238,,0.560842266,1.097892918,,,136.6703112,101.962219,30.90326448,,,,,,,,,,,,,,,,
1806,25922.29921,12460.59853,2.080341417,,,,1'001,1'029,6,1,1.40156798,1.987280257,1.433288874,,0.566180631,1.183736397,,,121.0693623,99.35227691,30.69837817,,,,,,,,,,,,,,,,
1807,27615.57237,12636.44246,2.185391376,,,,992,1'107,4,1,1.389932997,1.939011228,1.438949913,,0.569006823,1.230046731,,,126.6890309,101.6142206,33.63789722,,,,,,,,,,,,,,,,
1808,26329.14909,12804.5805,2.056228948,,,,1'000,812,6,1,1.46421789,2.135535132,1.473561611,,0.570890952,1.261673257,,,133.4558245,106.7697939,37.95950087,,,,,,,,,,,,,,,,
1809,27156.43303,12976.0175,2.092817233,,,,1'359,953,6,1,1.595782701,2.290069906,1.562272376,,0.584079852,1.349775798,,,143.4877502,114.4920544,37.75914979,,,,,,,,,,,,,,,,
1810,28906.34903,13144.75839,2.199078004,,,,1'310,1'270,5,1,1.614577673,2.267043609,1.617521854,,0.597268752,1.358811949,,,155.5384822,118.4697153,39.42603263,,,,,,,,,,,,,,,,
1811,28607.07475,13320.80817,2.147547985,,,,908,740,6,1,1.640532636,2.14809493,1.563281194,,0.598838859,1.277486545,,,147.1474646,120.164464,34.62151553,,,,,,,,,,,,,,,,
1812,27429.26262,13525.17194,2.028015816,,,,1'204,948,8,1,1.821322376,2.418869407,1.658313599,,0.61234178,1.169052686,,,193.5758069,117.2852545,35.64900816,,,,,,,,,,,,,,,,
1813,28918.60607,13741.85488,2.10441795,,,,1'612,1'110,8,1,1.832957359,2.495582686,1.692332536,,0.611713737,1.105799594,,,172.9627713,122.023507,37.80110462,,,,,,,,,,,,,,,,
1814,28278.92899,13958.86224,2.025876358,,,,1'565,1'109,9,1,1.646797627,2.271107073,1.652387622,,0.602921137,1.16114605,,,121.4001634,126.6114827,38.06270095,,,,,,,,,,,,,,,,
1815,31298.8906,14191.19937,2.205514121,,,,1'791,1'214,5,1,1.409622969,1.920048395,1.540647945,,0.576543338,1.077561606,,,105.39185,118.5490537,37.84147884,,,,,,,,,,,,,,,,
1816,29659.64704,14429.87171,2.05543387,,,,1'541,1'044,8,1,1.543872775,1.752707552,1.444613213,,0.568064759,0.971386773,,,121.7175892,98.92722196,35.26811595,,,,,,,,,,,,,,,,
1817,30157.90164,14659.88478,2.057171806,,,,1'543,1'181,8,1,1.559087753,1.948369509,1.474693353,,0.559586181,1.041416982,,,150.0157238,96.74309322,33.07166339,,,,,,,,,,,,,,,,
1818,30128.19385,14886.24419,2.02389491,,,,1'702,1'459,9,2,1.521497808,2.050079249,1.533648226,,0.547339345,1.266191363,,,150.4545203,111.1655537,40.25838579,,,,,,,,,,,,,,,,
1819,29634.01011,15103.95567,1.96200325,,,,1'415,1'191,10,1,1.458847898,1.893081769,1.455553786,,0.543257066,1.259414246,,,133.3417689,117.3974383,36.06552147,,,,,,,,,,,,,,,,
1820,32040.7917,15335.025,2.089386336,,,,1'533,1'280,7,2,1.355028047,1.705793011,1.365510294,,0.527555995,1.201808752,,,106.1230491,104.6470434,32.19669556,,,,,,,,,,,,,,,,
1821,32587.44491,15586,2.090815149,,,,1'621,1'195,7,2,1.257473188,1.472451658,1.286052885,,0.501806238,1.254896168,,,89.54773942,92.69377888,30.34125461,,,,,,,,,,,,,,,,
1822,33216.95161,15844.18311,2.096476126,,,,1'655,1'206,6,2,1.160813327,1.298584645,1.201629971,,0.493955703,1.356552924,,,79.95124984,81.44395524,29.01002108,,,,,,,,,,,,,,,,
1823,34195.75735,16097.60579,2.124275982,,,,1'642,1'410,6,2,1.200193271,1.442776056,1.220243833,,0.485791146,1.43336025,,,97.3495449,83.68682968,32.50810117,,,,,,,,,,,,,,,,
1824,36070.86319,16335.27122,2.208158206,,,,1'818,1'477,5,2,1.250313198,1.504959372,1.244106688,,0.490501467,1.719128684,,,113.9459545,95.61842499,30.94624988,,,,,,,,,,,,,,,,
1825,36884.88457,16562.18259,2.227054579,,,,1'709,1'847,5,2,1.317438102,1.669714374,1.344554887,,0.498037981,1.61634241,,,123.070444,103.1455355,29.45814154,,,,,,,,,,,,,,,,
1826,34915.26181,16780.34314,2.080723947,,,,1'648,1'547,8,2,1.260158184,1.477992746,1.244867364,,0.497409938,1.486827793,,,108.6015616,97.14463325,29.35978336,,,,,,,,,,,,,,,,
1827,37604.80481,16998.75615,2.212209204,,,,1'920,1'787,7,2,1.202878267,1.466787435,1.202554376,,0.487675274,1.519638163,,,109.6742076,97.20809314,27.51798594,,,,,,,,,,,,,,,,
1828,37720.21214,17238.42495,2.18814725,,,,1'954,1'826,8,2,1.21451325,1.424182629,1.19821695,,0.487047231,1.521365024,,,99.1184001,94.26080462,29.0488189,,,,,,,,,,,,,,,,
1829,38040.13725,17473.3529,2.177037084,,,,2'103,1'805,9,2,1.240468213,1.415440024,1.149333254,,0.486105167,1.550721671,,,105.8226746,85.60144708,29.09776377,,,,,,,,,,,,,,,,
1830,39745.32536,17702.54343,2.245175983,33'342,1'349,5'443,2'096,1'893,7,2,1.201088269,1.39573838,1.141564851,1.237750137,0.481708867,1.476466624,,,111.6303766,81.45848927,,,,,,,,,,,,,,,,,
1831,40957.09525,17941,2.282876944,34'049,1'608,5'443,2'191,2'048,6,2,1.216303247,1.408175043,1.0902761,1.190379957,0.48453506,1.403938439,,,110.4511696,85.81258007,,,,,,,,,,,,,,,,,
1832,41179.56608,18143.24786,2.269690984,34'128,1'193,5'637,2'361,1'766,8,2,1.173343309,1.351286544,1.079119815,1.141751166,0.486105167,1.495462101,,,98.87083086,86.90487902,,,,,,,,,,,,,,,,,
1833,41640.57933,18337.52911,2.270784634,34'600,1'193,5'637,2'408,1'858,8,3,1.125013379,1.309174279,1.043583683,1.115532358,0.485163103,1.604254379,,,88.00900904,83.41393863,,,,,,,,,,,,,,,,,
1834,43083.15263,18561.84391,2.321059957,35'543,1'453,5'443,2'537,2'020,7,3,1.097268419,1.277651648,1.067312949,1.140341862,0.486419188,1.650879641,,,87.00242236,85.34942795,,,,,,,,,,,,,,,,,
1835,45694.76411,18798.19242,2.430806276,36'330,2'127,5'443,2'781,2'009,6,3,1.058783474,1.248961128,1.061981126,1.138479438,0.48233691,1.771759949,,,84.1393398,81.53815559,,,,,,,,,,,,,,,,,
1836,46899.04317,19034.57479,2.463887094,37'902,2'023,5'443,2'910,2'397,6,3,1.161708326,1.406328014,1.11918673,1.200606628,0.493013638,1.968622166,,,90.77321075,88.87422014,,,,,,,,,,,,,,,,,
1837,46498.96566,19243.99117,2.416284919,37'431,2'387,5'637,2'646,2'249,7,3,1.203773265,1.392906268,1.096448879,1.15913703,0.501178195,2.080868166,,,99.23514029,89.45401949,,,,,,,,,,,,,,,,,
1838,48749.85166,19460.44173,2.50507426,38'531,2'750,5'832,3'127,2'503,7,3,1.252998194,1.445485032,1.098600689,1.171442094,0.510598838,2.334716814,,,103.8706167,93.68305327,,,,,,,,,,,,,,,,,
1839,49806.93728,19719.92661,2.525716158,40'026,2'853,6'026,3'243,2'665,6,3,1.294168135,1.541407414,1.118504188,1.192155216,0.518449374,2.303633306,,,118.65277,91.66113271,,,,,,,,,,,,,,,,,
1840,50031.11289,19971.44598,2.505132224,39'161,2'853,6'609,3'412,2'700,10,3,1.281638153,1.51476094,1.068924698,1.152623747,0.521275567,2.510856692,,,110.9330289,89.00728983,,,,,,,,,,,,,,,,,
1841,48660.5521,20198,2.409176755,38'925,1'868,6'804,3'561,2'690,12,3,1.258368187,1.443638003,1.071157198,1.143043498,0.521275567,2.459050845,,,108.5373996,90.41862211,,,,,,,,,,,,,,,,,
1842,48236.86641,20410.15816,2.363375435,38'374,1'712,6'998,3'473,2'556,12,3,1.18676829,1.312006391,1.024607939,1.104228204,0.518135352,2.588565462,,,95.07570179,84.23399411,,,,,,,,,,,,,,,,,
1843,49914.80426,20623.55536,2.420281246,38'689,1'608,7'193,3'853,2'605,9,3,1.091003428,1.177912072,0.986815949,1.050012121,0.510598838,3.003012233,,,92.33883326,75.43431768,,,,,,,,,,,,,,,,,
1844,53601.06624,20836.18872,2.572498597,40'733,1'712,7'193,4'172,2'894,6,4,1.126803376,1.197983123,0.993693392,1.083244717,0.51311101,3.410551559,,,93.85157595,76.96778092,,,,,,,,,,,,,,,,,
1845,56132.09501,21050.05539,2.666600822,42'621,2'438,6'998,4'246,3'236,5,4,1.130383371,1.296031043,1.008747458,1.084988803,0.518449374,4.094388732,0,,94.74188082,81.55760263,,,,,,,,,,,,,,,,,
1846,58824.8275,21264.15257,2.766384755,43'957,3'424,7'581,4'165,3'137,3,4,1.264633178,1.357679671,1.00992293,1.083426767,0.539488809,4.199727286,0,,96.80598134,86.79008031,,,,,,,,,,,,,,,,,
1847,58026.14632,21478.47748,2.701594951,43'407,4'254,7'387,4'335,3'863,5,4,1.355028047,1.460085605,1.082765961,1.177808627,0.553305752,3.540066175,0,,125.4940073,90.31114951,,,,,,,,,,,,,,,,,
1848,59733.12869,21693.02737,2.753563515,44'586,3'787,8'164,4'253,3'684,7,4,1.159918329,1.212337583,0.985454553,1.0784705,0.530068167,3.441635067,0,,87.81390944,85.94177962,,,,,,,,,,,,,,,,,
1849,60623.33412,21907.79953,2.767203253,45'609,3'580,8'164,5'495,4'230,9,4,1.112483397,1.150432619,0.972535569,1.104791079,0.520647524,3.358745712,0,,88.44390576,77.89194321,,,,,,,,,,,,,,,,,
1850,59878.48422,22122.79129,2.706642369,45'451,2'957,8'164,5'841,4'075,11,4,1.065048465,1.180680179,0.912173231,1.029571944,0.518135352,3.985596454,0,,74.54437477,76.86958423,,,,,,,,,,,,,,,,,
1851,62606.61622,22338,2.802695685,47'260,3'009,8'164,6'187,4'360,9,4,1.042673498,1.157225503,0.89506244,1.036950406,0.518135352,4.279162918,0,,77.09157268,75.60697264,,,,,,,,,,,,,,,,,
1852,64595.1799,22563.67815,2.862794775,47'653,3'320,8'359,6'505,4'230,8,4,1.056993477,1.195932126,0.900356863,1.02839471,0.525043824,5.525956956,0,,80.15622897,71.97439617,,,,,,,,,,,,,,,,,
1853,66868.88101,22789.38369,2.934211909,49'462,3'268,8'164,7'489,4'995,5,5,1.222568238,1.452651883,0.979965006,1.126744781,0.557702052,5.108056461,0,,95.07107019,86.48245565,,,,,,,,,,,,,,,,,
1854,69366.81578,23015.1165,3.013967615,49'855,3'320,8'942,7'448,4'822,5,5,1.319228099,1.570053429,1.034372469,1.173289795,0.589418216,5.151228,0,,114.4706277,91.96467514,,,,,,,,,,,,,,,,,
1855,68883.59499,23240.87647,2.963898332,49'069,3'165,11'664,7'618,4'417,4,5,1.345183062,1.528270783,1.03833521,1.190215205,0.603863202,5.365358832,0,,114.8383896,92.59618951,,,,,,,,,,,,,,,,,
1856,72192.82582,23465.66348,3.076530348,51'349,2'905,11'469,8'758,5'224,4,5,1.352343051,1.52519476,1.03607351,1.205526933,0.613597866,6.118270467,0,,109.6894538,95.9842704,,,,,,,,,,,,,,,,,
1857,72707.21518,23689.4774,3.069177675,52'843,2'853,9'914,8'852,5'245,4,5,1.321018096,1.623883832,1.025999804,1.20804966,0.60794548,5.914500804,0,,104.6080655,95.24619552,,,,,,,,,,,,,,,,,
1858,72480.25494,23914.31814,3.030830924,52'607,2'853,10'108,8'805,5'287,5,5,1.18676829,1.417277618,0.982243875,1.153931749,0.590046259,6.643236378,0,,88.8851495,88.67801766,,,,,,,,,,,,,,,,,
1859,75399.98636,24138.18556,3.123680783,54'730,3'113,10'692,9'612,5'654,3,6,1.198403273,1.4593166,1.00665626,1.169758988,0.595384623,7.011057888,0,,86.58935784,93.14309918,,,,,,,,,,,,,,,,,
1860,77081.80312,24360.07955,3.164267299,55'281,3'320,11'275,10'168,6'458,3,6,1.292378138,1.510199147,1.014606762,1.191438261,0.61234178,7.477310506,0,,102.6504391,103.0481861,,,,,,,,,,,,,,,,,
1861,78497.49092,24585,3.192901807,57'719,3'632,10'886,9'829,6'831,4,6,1.307593116,1.485975466,1.032899679,1.217725229,0.619878294,7.308078074,0,,105.4496125,100.6576879,,,,,,,,,,,,,,,,,
1862,77710.70022,24862.15267,3.125662579,58'662,3'943,10'692,9'354,6'976,5,5,1.299538127,1.561338031,1.050785629,1.216980728,0.624588616,7.988461524,0,,103.573806,94.10504266,,,,,,,,,,,,,,,,,
1863,81694.73588,25142.31593,3.249292392,59'606,4'462,10'692,10'060,7'043,4,6,1.247628202,1.596071457,1.091153269,1.22398699,0.62333253,8.737919436,0,,90.12463508,92.74114475,,,,,,,,,,,,,,,,,
1864,82738.84553,25425.48976,3.254169194,61'179,4'773,10'497,10'053,7'046,3,6,1.233308223,1.617090948,1.135052513,1.278347478,0.630869044,9.549544364,0,,81.69417916,97.58410952,,,,,,,,,,,,,,,,,
1865,86675.31919,25711.67413,3.371049227,63'538,4'981,10'303,10'962,7'466,3,6,1.254788192,1.569156256,1.096929749,1.254080955,0.649396308,9.839657105,0,,84.80076498,108.4392116,,,,,,,,,,,,,,,,,
1866,87797.266,26002.86901,3.376445345,65'739,4'773,10'303,11'783,8'171,3,7,1.334443077,1.575051967,1.118374768,1.296153035,0.672633894,9.492557933,0,,99.55914843,105.9012258,,,,,,,,,,,,,,,,,
1867,88387.51038,26296.07436,3.361243551,66'133,4'410,10'497,11'973,8'044,5,7,1.405147975,1.540703043,1.096718569,1.289839928,0.678914322,9.186903439,0,,116.9594729,96.79092561,,,,,,,,,,,,,,,,,
1868,91818.21133,26594.29017,3.452553565,68'098,4'254,10'886,12'855,8'633,5,7,1.363083036,1.528142615,1.067530964,1.260720591,0.67388998,9.698054458,0,,116.498296,94.65567687,,,,,,,,,,,,,,,,,
1869,93877.65583,26895.5164,3.49045746,69'435,4'254,10'497,13'445,8'911,5,7,1.273583165,1.506866789,1.074309376,1.237775169,0.667609551,10.44233179,0,,98.68963394,106.0680773,,,,,,,,,,,,,,,,,
1870,101220.9425,27200.75302,3.721255158,72'974,4'669,11'080,14'320,9'376,4,8,1.278953157,1.485334628,1.064800198,1.20426267,0.678914322,11.28676708,0,,94.30937631,102.0101537,,,,,,,,,,,,,,,,,
1871,107008.2426,27516.466,3.888880302,75'726,5'188,11'080,16'609,10'964,3,8,1.314753105,1.537498852,1.080255118,1.221316576,0.700581801,13.54637785,0,,104.8553086,110.6899474,,,,,,,,,,,,,,,,,
1872,107483.9198,27854.79994,3.858721657,76'748,5'551,10'886,16'805,11'014,2,9,1.370243026,1.68937749,1.134814536,1.278264171,0.738578393,13.99069905,0,,106.2197694,104.5917483,,,,,,,,,,,,,,,,,
1873,108195.8126,28197.68113,3.837046462,78'478,5'447,10'108,16'216,11'510,2,9,1.38098301,1.704373102,1.180617142,1.318165804,0.777203029,14.26491675,0,,111.4970892,105.8370503,,,,,,,,,,,,,,,,,
1874,112689.2018,28545.07349,3.947763592,81'152,6'174,10'886,16'412,11'708,3,9,1.3183331,1.569284423,1.13211223,1.27473786,0.774062814,14.09373775,0,,113.5397855,96.20048184,,,,,,,,,,,,,,,,,
1875,113836.2858,28897.28091,3.939342463,82'332,6'537,11'469,16'478,12'403,3,9,1.298643129,1.474824882,1.094403537,1.250880861,0.769352493,14.58560919,0,,97.28607085,99.65356515,,,,,,,,,,,,,,,,,
1876,114312.5155,29254.20832,3.907557989,83'197,6'848,11'858,16'412,12'700,4,9,1.301328125,1.438553444,1.075476628,1.246733269,0.771550643,15.04651444,0,,96.75275855,109.3432841,,,,,,,,,,,,,,,,,
1877,115397.8935,29615.85863,3.896489883,84'297,6'848,12'052,16'805,12'998,6,9,1.300433126,1.443936484,1.050637223,1.238100646,0.771550643,15.74015876,0,,109.4979991,104.1364966,,,,,,,,,,,,,,,,,
1878,115249.5383,29982.53873,3.843888582,85'241,6'433,12'636,17'066,13'097,7,9,1.261053183,1.34153055,1.033084085,1.210346075,0.759617829,15.18295714,0,,97.85909724,98.6877527,,,,,,,,,,,,,,,,,
1879,113309.1967,30354.04855,3.732918742,84'140,5'914,13'996,18'178,13'593,8,9,1.204668264,1.279753754,1.009359498,1.15720962,0.746114907,17.16888793,0,,91.67598862,90.14118421,,,,,,,,,,,,,,,,,
1880,121375.6387,30730.59601,3.949667579,88'544,5'707,13'802,20'009,14'635,6,10,1.228833229,1.345375579,1.012951218,1.192249236,0.749569143,18.92698206,0,,92.24343892,96.18239008,,,,,,,,,,,,,,,,,
1881,124713.142,31093.664,4.010886013,87'915,6'018,14'191,21'447,14'288,5,10,1.213618251,1.299235234,0.999784257,1.178776705,0.756477614,21.38181163,0,,90.91531238,97.05629012,,,,,,,,,,,,,,,,,
1882,126791.7021,31403.38106,4.037517548,89'487,5'966,14'774,21'840,15'032,4,11,1.215408249,1.295262037,1.0123494,1.191000442,0.763948998,21.02473538,0,,92.83958852,99.41495828,,,,,,,,,,,,,,,,,
1883,130544.7699,31716.55057,4.115982589,92'476,6'174,15'357,22'624,15'875,4,11,1.215408249,1.2724482,0.98842841,1.185387834,0.76768469,20.48439968,0,,90.06325737,94.55951409,,,,,,,,,,,,,,,,,
1884,129038.2953,32033.26931,4.028258684,92'790,6'070,15'746,22'494,15'330,5,10,1.173575593,1.172477451,0.973293197,1.153572639,0.763948998,20.51922316,0,,82.21536819,90.04112714,,,,,,,,,,,,,,,,,
1885,127653.588,32353.44307,3.945595149,93'655,5'655,17'301,21'643,15'479,7,10,1.132873549,1.106983793,0.964138575,1.119312429,0.755543691,20.37969244,0,,77.64412777,84.2578521,,,,,,,,,,,,,,,,,
1886,128038.0402,32677.17162,3.918271803,94'206,5'188,17'107,22'232,15'627,7,10,1.122698038,1.06609832,0.968951601,1.101038229,0.749006231,20.13106019,0,,71.20630955,81.67580282,,,,,,,,,,,,,,,,,
1887,133522.9265,33004.55577,4.04559078,97'744,5'344,16'718,23'474,16'520,6,10,1.100085792,1.056870251,0.967284888,1.09510516,0.752741923,20.03040489,0,,70.14507876,80.75027139,,,,,,,,,,,,,,,,,
1888,138188.7095,33335.59729,4.145379736,99'081,5'551,16'718,24'913,17'066,5,11,1.097824567,1.084298123,0.967778266,1.102643114,0.763015075,22.06950011,0,,71.80103892,83.44297688,,,,,,,,,,,,,,,,,
1889,142655.0037,33670.19697,4.23683306,101'125,5'914,16'912,26'025,18'554,4,12,1.106869465,1.113520342,0.987672083,1.117697861,0.778891766,23.47312032,0,,71.3384852,83.32786614,,,,,,,,,,,,,,,,,
1890,144047.2461,34008.65861,4.235605049,103'013,6'018,17'301,25'959,18'554,3,12,1.111391915,1.10390777,1.0016917,1.12047095,0.806909455,23.73132464,0,,75.17647698,76.74882629,,,,,,,,,,,,,,,,,
1891,148546.5315,34358.045,4.323486145,107'338,6'329,17'884,24'717,18'951,4,12,1.120436813,1.102241591,0.970322108,1.128532127,0.818116531,23.03125056,0,,81.57770694,77.00142981,,,,,,,,,,,,,,,,,
1892,144669.9934,34736.40996,4.164794045,106'866,6'485,17'884,24'521,19'249,5,12,1.124959263,1.050718205,0.974315642,1.132652621,0.8209183,22.46007555,0,,73.453395,81.14469395,,,,,,,,,,,,,,,,,
1893,143257.5306,35119.02894,4.079199651,107'338,6'589,18'467,23'147,18'852,6,11,1.103477629,1.04341265,0.984573656,1.124241131,0.818116531,21.69867899,0,,69.71192492,88.74612792,,,,,,,,,,,,,,,,,
1894,150221.641,35506.10592,4.230867823,111'663,6'848,19'245,24'324,20'390,6,12,1.074081708,0.968947259,0.990627299,1.10214552,0.822786146,23.25881401,0,,65.06926533,85.34829739,,,,,,,,,,,,,,,,,
1895,155162.7651,35897.5449,4.322378188,114'415,7'160,20'411,26'090,21'432,6,13,1.059383748,0.953310809,0.979293472,1.09093061,0.822786146,25.24976849,0,,59.52100857,75.0954473,,,,,,,,,,,,,,,,,
1896,161399.1658,36293.5529,4.447047835,119'133,7'782,21'383,27'201,22'622,5,14,1.057122523,0.936392682,0.973623292,1.087160122,0.833059299,27.39599881,0,,61.84102548,69.57657786,,,,,,,,,,,,,,,,,
1897,163651.2316,36693.9319,4.459899039,119'841,8'664,21'966,27'332,23'119,5,14,1.078604157,0.955617826,0.984215744,1.103031106,0.846134221,28.48635956,0,,65.22092039,73.39786034,,,,,,,,,,,,,,,,,
1898,171492.9599,37098.98892,4.622577728,124'873,10'013,22'550,27'398,23'912,4,15,1.097824567,0.985993553,0.991258232,1.106525908,0.862010911,28.93929268,0,,72.73804582,71.20156326,,,,,,,,,,,,,,,,,
1899,177872.2574,37508.72994,4.742156232,129'041,10'584,27'215,28'705,24'408,4,15,1.086518444,1.048411188,1.014670743,1.1143334,0.876953679,29.35601849,0,,65.8545895,73.02424835,,,,,,,,,,,,,,,,,
1900,177814.1635,37923.05796,4.688813957,128'727,10'636,35'379,27'528,25'053,4,15,1.130612324,1.155174821,1.054489004,1.171442094,0.904971368,31.23186807,0,,64.65437948,77.32974302,,,,,,,,,,,,,,,,,
1901,181797.9153,38328.104,4.743201368,131'243,11'206,39'656,28'248,26'145,5,15,1.127220487,1.078786915,1.039814604,1.177057155,0.914310598,31.77217939,0,,66.28099484,78.39259758,,,,,,,,,,,,,,,,,
1902,184537.8802,38696.12,4.768898798,131'951,11'777,37'518,29'425,26'294,5,16,1.127220487,1.067892667,1.028510116,1.177027039,0.914310598,32.61731936,0,,68.47479272,80.37848977,,,,,,,,,,,,,,,,,
1903,182393.8482,39067.813,4.668647519,132'501,11'673,33'241,30'602,26'194,6,15,1.139657223,1.07045602,1.02551843,1.181175144,0.917112367,32.02042242,0,,66.51680317,81.05808234,,,,,,,,,,,,,,,,,
1904,184710.5639,39444.285,4.682821957,134'388,11'569,32'075,31'125,26'492,7,15,1.135134774,1.084169956,1.014604377,1.178296641,0.917112367,34.3995398,0,,64.29219291,84.01474612,,,,,,,,,,,,,,,,,
1905,190835.7709,39823.436,4.792046846,135'175,11'414,31'880,33'871,27'187,6,16,1.139657223,1.114545683,1.018732887,1.183027036,0.922715905,36.84190713,0,,73.97049001,84.65339002,,,,,,,,,,,,,,,,,
1906,195514.6203,40206.466,4.862765615,137'534,10'739,31'492,36'094,28'080,5,17,1.138526611,1.183884369,1.033976917,1.182828324,0.933922981,39.16663147,0,,72.75248503,80.3931983,,,,,,,,,,,,,,,,,
1907,200255.1358,40593.378,4.933197129,139'342,9'598,30'908,38'383,28'526,4,17,1.156616408,1.226692357,1.045907055,1.197224398,0.954469286,37.45504967,0,,71.65058991,82.14289536,,,,,,,,,,,,,,,,,
1908,192159.2746,40984.171,4.688621727,138'871,8'093,31'686,35'571,27'236,7,16,1.171314368,1.127106111,1.037136452,1.202618639,0.961006747,39.1367814,0,,72.76325089,87.90358383,,,,,,,,,,,,,,,,,
1909,196673.4794,41379.848,4.752880663,139'500,8'664,33'047,37'598,28'377,7,16,1.173575593,1.14440874,1.034767459,1.20908144,0.961006747,42.11117679,0,,79.76903129,87.116048,,,,,,,,,,,,,,,,,
1910,202248.012,41767.13388,4.842276528,141'780,8'768,34'213,40'410,29'221,6,16,1.198449064,1.197982808,1.049177369,1.219521248,0.969412054,42.78495562,0,,73.32169927,90.75450138,,,,,,,,,,,,,,,,,
1911,209312.4311,42132.48999,4.967957772,146'026,8'923,35'185,41'456,30'064,5,17,1.201840901,1.226820524,1.055098329,1.221277272,0.983420899,42.52396739,0,,79.99586225,91.5599842,,,,,,,,,,,,,,,,,
1912,213042.4881,42340.8166,5.031610281,146'970,8'923,35'768,43'745,32'247,4,18,1.23575927,1.309232308,1.081299952,1.257310241,1.005056159,43.41697071,0,,82.5527592,102.1915842,,,,,,,,,,,,,,,,,
1913,222505.6475,42604.21399,5.222620644,152'317,9'805,36'546,45'183,33'338,4,19,1.243673557,1.309873147,1.080663539,1.251876683,1.037509048,42.20129553,0,,74.61028727,101.9244372,,,,,,,,,,,,,,,,,
1914,227045.1559,43016.68243,5.278072206,153'005,9'805,52'349,37'478,31'405,3,,1.275330702,1.314615349,1.071968549,1.248658484,1.047884139,42.78105508,0,,86.21081915,100.0791742,,,,,,,,,,,,,,,,,
1915,239586.777,43279,5.535866748,156'314,7'724,157'048,31'104,33'170,1,,1.43474704,1.644646988,1.217286106,1.404907944,1.213885586,32.22524811,0,,,,,,,,,,,,,,,,,,,,
1916,242365.053,43453,5.577636825,143'335,6'064,178'778,35'905,30'732,0,,1.694436254,2.086056295,1.395027721,1.65873529,1.379887034,35.87257978,0,,,,,,,,,,,,,,,,,,,,
1917,241056.1221,43556,5.534395309,132'117,6'487,195'570,25'617,26'233,0,,2.12143419,2.689341315,1.735861769,2.077072034,1.763765382,38.87626469,0,,,,,,,,,,,,,,,,,,,,
1918,245733.7856,43516,5.646975493,130'871,7'875,186'680,20'010,26'738,1,,2.588149711,2.960287678,2.021796709,2.533962142,2.189144092,43.51052141,0,,,,,,,,,,,,,,,,,,,,
1919,226529.8616,43441,5.214655778,149'782,10'318,81'981,29'369,30'059,3,,2.849552832,3.15997284,2.356072191,2.789070083,2.500396806,45.99928891,0,,,,,,,,,,,,,,,,,,,,
1920,213407.6609,43729,4.880231904,150'125,11'978,46'917,31'507,29'891,2,,3.288383968,3.815550252,2.737822512,3.218952876,2.884275154,32.48270681,0,,,,,,,,,,,,,,,,,,,,
1921,192683.8629,43964.9,4.382674881,137'779,13'707,47'337,25'011,26'374,11,,3.005582947,2.455435396,2.490871099,2.938126836,2.697523525,33.3409025,0,,,,,,,,,,,,,,,,,,,,
1922,202913.9311,44393.5,4.570802733,143'929,12'653,44'503,31'546,30'300,10,,2.584801334,2.031713221,2.149420404,2.527168505,2.168393911,39.20890134,0,,,,,,,,,,,,,,,,,,,,
1923,208925.4145,44628.1,4.681476794,148'335,12'990,41'879,34'619,32'467,8,,2.429713254,1.999158644,1.992397334,2.371468865,2.002392463,38.642106,0,,,,,,,,,,,,,,,,,,,,
1924,218786.3566,44934.6,4.868995309,153'246,15'141,42'299,35'786,35'657,7,,2.412705262,2.152959796,1.95242714,2.354971975,2.033517735,42.30960527,0,,,,,,,,,,,,,,,,,,,,
1925,226485.274,45085,5.023517222,155'908,17'250,43'663,35'553,36'638,8,,2.419943377,2.085543624,1.947414119,2.359411151,2.054267916,44.17669581,0,,,,,,,,,,,,,,,,,,,,
1926,219419.1443,45264.6,4.847477816,156'780,16'743,44'608,32'674,38'028,9,,2.40058383,1.955966154,1.939292495,2.342535903,2.002392463,45.24360469,0,,,,,,,,,,,,,,,,,,,,
1927,236293.4837,45429,5.201379817,163'573,18'684,45'133,36'797,38'642,7,,2.342969818,1.885089456,1.904423252,2.287814507,2.043892825,48.97778577,0,,,,,,,,,,,,,,,,,,,,
1928,238402.7761,45626.2,5.225128898,165'638,18'473,45'657,37'031,37'456,7,,2.335940909,1.855482734,1.887658556,2.280004695,2.012767554,52.94535317,0,,,,,,,,,,,,,,,,,,,,
1929,245205.2442,45730,5.362021522,169'448,19'443,46'602,38'275,39'337,7,,2.314917441,1.756024656,1.87216833,2.259413351,2.023142644,49.04446758,0,,,,,,,,,,,,,,,,,,,,
1930,243254.1487,45890.9,5.300705559,171'559,19'527,47'757,32'908,38'846,11,,2.250099753,1.478798079,1.856280282,2.196748947,2.002392463,39.50896946,0,,,,,,,,,,,,,,,,,,,,
1931,231969.4343,46073.6,5.034758175,174'083,19'147,48'806,26'528,40'277,15,,2.153345463,1.277318569,1.820837334,2.102944523,1.960892101,30.24019857,0,,,,,,,,,,,,,,,,,,,,
1932,232127.6312,46335,5.009768667,173'073,16'701,48'806,25'945,35'943,15,,2.097358481,1.241431634,1.780310591,2.047802713,1.919391739,31.9405846,0,,,,,,,,,,,,,,,,,,,,
1933,239510.1547,46520,5.148541588,179'590,17'292,49'541,26'373,35'902,14,,2.053313953,1.225154345,1.756266449,2.00515258,1.909016649,36.14153831,0,,,,,,,,,,,,,,,,,,,,
1934,253800.6108,46666,5.438662213,184'180,21'003,50'591,27'384,37'538,12,,2.053313953,1.259631437,1.741762365,2.004158965,1.92976683,37.84192434,0,,,,,,,,,,,,,,,,,,,,
1935,263186.9621,46868.5,5.615433865,189'366,21'847,54'054,30'885,39'378,11,,2.067687151,1.301157748,1.754993887,2.018129153,1.960892101,40.0424239,0,,,,,,,,,,,,,,,,,,,,
1936,275737.252,47081.3,5.856619338,196'342,23'871,59'092,30'029,40'277,9,,2.082160961,1.370240099,1.770009749,2.034307449,2.012767554,45.91042274,0,,,,,,,,,,,,,,,,,,,,
1937,285387.2649,47288.6,6.035011924,198'729,24'672,65'810,31'546,41'790,8,,2.152954433,1.580306839,1.829086487,2.102625339,2.064643006,38.50874239,0,,,,,,,,,,,,,,,,,,,,
1938,287602.0219,47494.1,6.05553157,197'811,24'968,78'510,29'407,40'972,9,,2.187401704,1.405998867,1.87191063,2.136172623,2.14764373,34.80790221,0.26418311,,,,,,,,,,,,,,,,,,,,
1939,300257.7765,47761.7,6.286580596,197'306,22'353,119'129,27'306,44'407,6,,2.248648952,1.480207923,1.928835412,2.199278909,2.168393911,33.60762972,0.265474608,,,,,,,,,,,,,,,,,,,,
1940,330051.5319,48226,6.843850453,172'018,19'401,274'889,18'515,46'534,3,,2.626421976,1.983522193,2.129908559,2.573324278,2.79089934,31.17374384,0.290052561,,,,,,,,,,,,,,,,,,,,
1941,358790.6412,48216,7.441319089,167473.9846,15604.75,347206.3764,15909.21217,39786.58208,1.034030386,,2.910075549,2.191410084,2.360797656,2.852132918,3.050276602,33.20753889,0.31690597,,,,,,,,,,,,,,,,,,,,
1942,365223.9831,48400,7.545950064,167473.9846,13496,364629.6709,14392.19683,33571.20646,0.442926614,,3.116690913,2.337777514,2.541148927,3.056442111,3.43415495,35.54140207,0.346245499,,,,,,,,,,,,,,,,,,,,
1943,371499.1281,48789,7.614403412,166143.0048,9278.5,375965.3084,15870.31435,33325.86269,0.319946153,,3.222658404,2.374817958,2.658981926,3.160001214,3.776532936,37.84192434,0.378301316,,,,,,,,,,,,,,,,,,,,
1944,355152.1118,49016,7.245636359,172384.8414,7169.75,351824.599,20071.27991,37046.90993,0.283456847,,3.309670181,2.44441298,2.805475953,3.244070458,3.838783479,39.9757421,0.44245768,,,,,,,,,,,,,,,,,,,,
1945,338910.5601,49182,6.890947097,185878.2235,8013.25,287484.3606,16414.88396,34552.58156,0.412768875,,3.402340946,2.509393966,2.861146598,3.327682242,3.818033298,41.80949174,0.526524639,,,,,,,,,,,,,,,,,,,,
1946,330578.855,49217,6.716761587,203456.337,20244,156914.6108,27578.56096,35247.72225,2.038237195,,3.507813516,2.731508464,2.951262863,3.439657158,3.973659655,43.40985506,0.634926771,,,,,,,,,,,,,,,,,,,,
1947,326360.2702,49538.7,6.587986164,212130.6541,23618,110837.3438,27617.45879,35370.39414,1.624175019,,3.753360462,3.435405071,3.230794416,3.67244216,4.274537279,41.07599188,0.820758996,,,,,,,,,,,,,,,,,,,,
1948,336854,50033.2,6.732609547,216123.5938,25305,106534,33646.62233,34593.47219,1.64035095,,4.042369217,3.986141363,3.437987971,3.937561768,4.658415627,40.54253744,0.946859435,,,,,,,,,,,,,,,,,,,,
1949,348243,50331,6.91905585,219965.3281,28718,112735,37331.81884,37309.09269,1.526540112,,4.155555556,4.232479542,3.544364137,4.038818334,4.855542346,38.97551502,0.911462821,,,,,,,,,,,,,,,,,,,,
1950,359774,50571.5,7.114165093,226191.3594,31267,112634,42641.13553,37630.45609,1.823362454,,4.318390805,4.994436084,3.591143329,4.150910108,5.083794336,40.52385342,0.942434858,,,,,,,,,,,,,,,,,,,,
1951,373254,50301.9,7.420276371,223465.7188,33416,120857,42213.15792,40273.22091,1.567376539,,4.709195402,6.623508366,3.886897394,4.542083706,5.58179868,41.50380436,0.993317492,,,,,,,,,,,,,,,,,,,,
1952,379199,50444.2,7.51719722,223874.3125,37116,132446,41366.18124,37286.13816,2.358966568,,5.210727969,6.790137508,4.15586539,4.781700893,6.038302661,39.40234591,0.977831473,,,,,,,,,,,,,,,,,,,,
1953,400153,50592.9,7.909271854,233933.5156,46596,135898,43098.04403,40229.3079,2.032146019,,5.399616858,6.786350482,4.224134269,4.88771349,6.401430828,45.70672126,0.904825956,,,,,,,,,,,,,,,,,,,,
1954,417347,50764.9,8.221172503,243885.8438,51660,135487,45524.24813,41701.39178,1.768046522,,5.523371648,6.843155871,4.272943138,4.978968772,6.816434447,61.46765962,0.878278495,,,,,,,,,,,,,,,,,,,,
1955,433302,50946.3,8.505072989,254200.7031,55907,132209,48664.74586,45833.20688,1.550357882,,5.803448276,7.049548784,4.474477385,5.160489266,7.397439514,62.43756352,0.900401379,,,,,,,,,,,,,,,,,,,,
1956,440315,51183.9,8.602607461,255619.5156,60485,130874,50907.38846,45997.88067,1.639878334,,6.103065134,7.379020041,4.781122605,5.413123472,7.999194762,56.82020344,0.92694884,,,,,,,,,,,,,,,,,,,,
1957,448743,51430.7,8.725197207,261143.3438,63783,129160,52246.83659,47168.83702,1.888460014,,6.337547893,7.524441837,4.974562277,5.604201811,8.434948562,54.9208083,0.92694884,,,,,,,,,,,,,,,,,,,,
1958,454426,51652.5,8.797754223,268504.3438,67787,125756,51462.98458,47708.60265,2.528965495,,6.519923372,7.576134741,5.160796257,5.765269859,8.725451096,73.15451666,0.944647147,,,,,,,,,,,,,,,,,,,,
1959,473093,51956.3,9.105594509,280164.875,73191,128029,52876.60671,50884.92147,2.64239938,,6.559003831,7.60226522,5.199189166,5.82692602,8.964078177,104.8987439,0.971194608,,,,,,,,,,,,,,,,,,,,
1960,502799,52372.5,9.600439162,290913.0313,84960,130570,55896.49008,57014.97804,2.141875998,,6.611111111,7.70451492,5.252993741,5.897295122,9.482832701,99.95587111,1.05083699,,,,,,,,,,,,,,,,,,,,
1961,516253,52807.436,9.776142133,297403.3438,91836,135303,57686.37336,56609.01984,2.071180038,,6.82605364,7.910150429,5.437062835,6.080967272,10.14683849,97.42951393,1.150389968,,,,,,,,,,,,,,,,,,,,
1962,521906,53290.228,9.793652975,304197.5313,92687,139489,58668.85644,57811.53573,2.601351203,,7.112643678,8.084542973,5.628216575,6.31135957,10.49959157,94.95,1.232244639,,,,,,,,,,,,,,,,,,,,
1963,547364,53624.2,10.20740636,318470.5938,94861,142386,61538.02361,60006.13678,3.103782893,,7.262452107,8.17315938,5.705344159,6.420058995,10.94572046,107.86,1.329585329,,,,,,,,,,,,,,,,,,,,
1964,577677,53990.8,10.69954511,329003.5,110224,145300,63565.0362,66511.62332,2.397237972,,7.496934866,8.410462455,5.90762658,6.664062844,11.87866401,97.43,1.513205266,,,,,,,,,,,,,,,,,,,,
1965,589975,54350.3,10.85504588,333630.3438,115389,148920,66338.11134,67134.15806,2.263639852,,7.816091954,8.730545672,6.255519302,7.023641716,12.68113676,103.52,1.628244263,,,,,,,,,,,,,,,,,,,,
1966,599211,54645.1,10.96550285,340133.4688,115141,153478,69779.2166,68841.42337,2.472283548,,8.128735632,8.96233007,6.579151584,7.318303633,13.49584401,92.48,1.723372664,,,,,,,,,,,,,,,,,,,,
1967,615879,54961.2,11.20570512,349171.8125,125191,162184,70156.71198,73783.52516,3.371969915,,8.311111111,9.056147565,6.775356848,7.538122797,14.00339452,122.18,1.849473103,,,,,,,,,,,,,,,,,,,,
1968,649439,55212.9,11.76245044,359836.5313,138923,164550,78767.95086,79370.24033,3.485323325,,8.643295019,9.409342838,7.053626284,7.931379257,15.18631529,168.6,1.962299811,,,,,,,,,,,,,,,,,,,,
1969,661919,55459,11.93528553,362714.2188,137694,161833,86478.19223,81971.00003,3.498876788,,9.092720307,9.77909414,7.505752214,8.411305216,16.35671307,142.31,2.077338808,,,,,,,,,,,,,,,,,,,,
1970,679900,55628.8,12.2220864,373695.0938,142768,164613,91071.22076,86003.65266,3.752455705,,9.685440613,10.46892866,8.22415061,8.957837702,18.43174584,133.61,2.2122884,,,,,,,,,,,,,,,,,,,,
1971,703556,55928,12.57967387,386068.3125,153142,170420,97591.70281,90524.33353,4.138470565,,10.59731801,11.41262228,8.903342449,9.75086501,20.64302481,187.66,2.47555072,,,,,,,,,,,,,,,,,,,,
1972,733770,56096.7,13.08044858,411057,160483,178544,98854.53028,99457.20393,4.343257443,,11.35938697,12.00312063,9.581340202,10.4326164,23.24863993,221.39,3.314008024,,,,,,,,,,,,,,,,,,,,
1973,781583,56222.9,13.90150633,433901.5625,163546,185171,111240.8166,110498.1486,3.650959052,,12.4210728,12.90266484,10.42333316,11.41249635,26.61704794,144.97,4.510856048,,,,,,,,,,,,,,,,,,,,
1974,762257,56235.6,13.55470556,428332,151352,188483,119666.9891,111781.9112,3.649382146,,14.37509579,15.78341379,12.09920014,13.52011991,31.65389919,65.26,4.886945076,,,,,,,,,,,,,,,,,,,,
1975,750912,56225.7,13.35531616,427570.7188,142319,199440,116461.4486,104672.4511,4.496878232,,17.63831418,19.39986207,15.25358497,16.68355593,40.8191458,154.28,5.17233028,,,,,,,,,,,,,,,,,,,,
1976,772852,56216.1,13.7478765,429960.2188,143301,202561,127192.677,110106.9688,5.396946565,,20.4,22.60280172,17.61941484,19.44296155,47.55415927,141.53,5.636910844,,,,,,,,,,,,,,,,,,,,
1977,791889,56189.9,14.09308434,428595.8125,145538,200029,135903.685,112242.0904,5.593820161,,23.44827586,26.88506897,20.05154763,22.368394,52.29388018,211.56,6.063882505,,,,,,,,,,,,,,,,,,,,
1978,825111,56178,14.68743992,451453.9375,156270,203451,138450.3211,116538.4564,5.505247604,,25.20038314,29.3030431,22.40801541,24.55488607,59.23085773,224.4,7.021803382,,,,,,,,,,,,,,,,,,,,
1979,855933,56240.1,15.21926526,472608.1563,169696,206590,143659.5972,127756.2348,5.377999775,,28.06628352,32.76530172,25.65142365,27.93434651,69.14022465,230.77,9.079231595,,,,,,,,,,,,,,,,,,,,
1980,838462,56329.7,14.88490086,473240.5313,158737,208988,143304.3941,123424.6818,6.809316839,,32.31954023,37.9998653,30.81964359,32.65781137,83.98706277,292.72,11.00613479,,,,,,,,,,,,,,,,,,,,
1981,831931,56357.5,14.76167325,475133.5938,148198,208794,142558.9634,120111.1388,9.649025482,,36.13639847,42.05902478,34.60022526,36.62148968,95.56220638,310.04,11.61008952,,,,,,,,,,,,,,,,,,,,
1982,848700,56290.666,15.07709999,481267.9375,155821,210090,144249.1524,126038.1068,10.71721464,,39.06743295,45.65094289,37.31565924,39.90230494,104.8249102,379.4,11.89768702,,,,,,,,,,,,,,,,,,,,
1983,884520,56315.717,15.70645012,502456.4375,167089,213382,147172.6099,134358.5727,11.47229669,,40.9954023,48.62230603,39.37536743,42.20584794,113.9115496,464.97,13.2737304,,,,,,,,,,,,,,,,,,,,
1984,904639,56409.31,16.03705133,515265.8438,177847,215910,157232.014,147621.9416,11.77432246,,42.74099617,51.50606142,41.40148722,44.42929854,121.0178343,577.75,14.51261191,,,,,,,,,,,,,,,,,,,,
1985,942519,56554.003,16.66582293,542087.375,181405,215253,166396.8048,151366.319,11.35781999,,44.84482759,54.69644397,43.72537848,46.26431302,131.7956981,674.53,15.81786206,,,,,,,,,,,,,,,,,,,,
1986,972239,56683.834,17.15196259,574404.25,179088,218513,173337.9984,161895.5619,11.32372966,,46.33639847,55.44841056,45.67117756,48.24407201,142.2732768,817.98,17.98590469,,,,,,,,,,,,,,,,,,,,
1987,1024346,56804.004,18.03298936,603762.4375,201290,218961,184542.9202,174862.3555,10.43330139,,47.82145594,57.33927802,48.09263667,50.41734647,153.5387623,844.74,20.97249403,,,,,,,,,,,,,,,,,,,,
1988,1083629,56916.408,19.03895622,648721.9375,232441,219371,186710.3566,197302.7483,8.574434508,,49.61915709,59.44916487,50.91308926,52.88891591,167.6583271,914.63,26.32623196,,,,,,,,,,,,,,,,,,,,
1989,1111618,57076.416,19.47596009,673792.0625,243717,221327,196093.3387,212063.3794,7.221393639,,52.21800766,62.28911638,54.82764763,55.78427247,183.7263709,1175.26,31.70209278,,,,,,,,,,,,,,,,,,,,
1990,1119587,57237.498,19.56037631,681302.75,237479,226653,207133.0856,213341.4237,7.097911769,,55.85900383,66.18036099,59.20486751,59.91271868,203.1205398,1040.25,31.37024952,,,,,,,,,,,,,,,,,,,,
1991,1107059,57438.663,19.27375991,677682.875,218605,233409,207682.4954,204065.2646,8.817788931,,60.06666667,69.73577586,63.05336933,64.2154341,218.926354,1156.9,30.99416049,,,,,,,,,,,,,,,,,,,,
1992,1111043,57584.567,19.29411052,683769.3125,215067,235641,216555.9635,217925.8902,9.949933009,,62.62643678,71.91136853,64.93403046,66.701882,232.0530538,1324.08,29.82164764,,,,,,,,,,,,,,,,,,,,
1993,1138897,57713.937,19.73348309,704578.875,216704,234234,226285.6294,225306.1814,10.37475205,,64.19616858,74.75862069,66.59469645,68.82749642,238.9715948,1628.88,29.00310093,,,,,,,,,,,,,,,,,,,,
1994,1183144,57862.138,20.44763711,727946.3125,220161,236892,247264.928,238668.127,9.496096522,,65.46628352,76.62758621,67.37032855,69.86394343,247.980814,1502.42,29.84377052,,,,,,,,,,,,,,,,,,,,
1995,1212798,58024.768,20.90138473,743483.5,219121,240149,270744.1944,251969.9166,8.621788065,,67.20536398,79.70845905,68.98477735,71.91323009,256.0755198,1783.3,29.8658934,,,,,,,,,,,,,,,,,,,,
1996,1243709,58164.423,21.38264141,771675.4375,229349,241774,290776.0704,275924.1269,8.09705177,,68.8185,81.83333333,71.79332143,74.33228688,265.3690113,1976.41,30.92779184,,,,,,,,,,,,,,,,,,,,
1997,1282602,58314.288,21.99464392,810095.5625,225752,240964,313626.2388,298666.9578,6.972013748,,70.07416667,82.625,73.19924653,75.65588905,277.0812882,2388.17,33.71527522,,,,,,,,,,,,,,,,,,,,
1998,1323527,58474.974,22.6340759,841375.9375,243682,249051,323972.7489,326007.6843,6.255466536,,71.1655,82.68333333,74.06785052,76.76354543,291.501922,2595.88,37.67527146,,,,,,,,,,,,,,,,,,,,
1999,1366983,58684.421,23.29379717,881491.9375,250037,257905,330714.1421,347635.3612,5.976812597,,72.11108333,83.13333333,74.70502559,77.30620905,304.8395915,3146.68,41.79012788,,,,,,,,,,,,,,,,,,,,
2000,1418176,58886.021,24.08340682,923822.4375,258770,266611,361425.1579,379741.3719,5.459048536,,72.68541667,84.31666667,76.21501139,77.80521135,317.6666667,2989.69,47.91816675,,,,,,,,,,,,,,,,,,,,
2001,1456837,59112.978,24.64496037,956850.25,255914,277611,363181.2462,392150.1083,5.09914044,,73.582,84.06666667,76.9183512,78.124346,334,2507.59,52.09939183,,,,,,,,,,,,,,,,,,,,
2002,1491761,59365.643,25.12835581,992187,263108,289632,365913.4591,408078.3889,5.187799002,,74.50833333,83.95833333,78.60857068,78.5792396,344.5833333,1900.53,60.74943947,,,,,,,,,,,,,,,,,,,,
2003,1543468,59636.638,25.8812041,1029234,269400,301956,385720.0381,429096.1676,5.011780545,,75.52283333,84.51666667,80.49723091,79.56694007,355.6666667,2168.867574,69.44007968,,,,,,,,,,,,,,,,,,,,
2004,1582486,59950.322,26.39662219,1064099.625,277286,312566,407920.5939,460393.8274,4.753956066,,76.5375,85.35,82.45722237,80.82955579,371.1666667,2372.413597,77.67934302,,,,,,,,,,,,,,,,,,,,
2005,1629519,60413.243,26.97287745,1095513.5,287077,320037,430378.3728,480161.0759,4.829451738,,78.11183333,87.00833333,84.6542446,82.47912965,388.5,2805.810254,81.94289196,,,,,,,,,,,,,,,,,,,,
2006,1670306,60827.054,27.4599194,1113261.125,296121,327045,471697.1386,515865.353,5.423739816,,79.93083333,88.76666667,87.14834288,84.74813131,406.75,3189.64431,88.38176589,,,,,,,,,,,,,,,,,,,,
2007,1712996,61319.092,27.93576917,1145189.125,312995,330821,489879.8202,535234.9006,5.333032578,,81.7875,90.80833333,89.36915206,86.48929495,426.5833333,3267.132322,97.13189786,,,,,,,,,,,,,,,,,,,,
2008,1702252,61823.82,27.53391816,1137564.625,292575,337665,495450.9512,525446.46,5.685363214,,84.73341667,96.94166667,91.89309221,89.85195017,441.75,2128.799894,92.75578735,,,,,,,,,,,,,,,,,,,,
2009,1628583,62260.453,26.15758353,1100940.75,248099,341515,452338.2164,477276.5283,7.614309706,,86.56816667,97.4,93.29945112,90.68962158,441.4166667,2708.093154,84.5190022,,,,,,,,,,,,,,,,,,,,
2010,1659772,62759.423,26.44657839,1107272.875,260396,342139,478555.186,516287.474,7.870764381,,89.42333333,100.0166667,94.73825321,92.60824709,451.5833333,3039.818419,89.35286467,,,,,,,,,,,,,,,,,,,,
2011,1684820,63285.127,26.62268498,1102261.625,265327,342825,506504.8895,520430.8511,8.110982514,,93.41491667,104.7666667,96.64379578,95.90626908,462.1666667,2814.190267,88.054152,,,,,,,,,,,,,,,,,,,,
2012,1706942,63704.996,26.79447621,1121061.375,271534,348572,509953.9556,536270.1247,7.970745011,,96.05691667,106.9583333,98.13127804,97.74335504,468.5,3099.078383,88.40423862,,,,,,,,,,,,,,,,,,,,
2013,1739563,64105.629,27.13588537,1138546,280224,349615,515827,555065,7.608093979,,98.52058333,108.375,100,100,474,3514.579829,90.67726617,,,,,,,,,,,,,,,,,,,,
2014,1792976,64596.754,27.75644114,1163136,298872,357590,524340.3972,570153.3831,6.180032334,,99.96,108.3583333,101.6455323,101.6993714,479.8333333,3511.379133,97.95716209,,,,,,,,,,,,,,,,,,,,
2015,1832318,65110,28.14188297,1190789,309144,362262,556220.0545,601617.065,5.384406083,,100.0000833,106.5583333,102.2046392,102.0069047,491.5,3401.179443,103.7892793,,,,,,,,,,,,,,,,,,,,
2016,1865410,65573,28.44783676,1223627,310816,365281,566241.8465,618535.791,4.89588015,,100.65975,107.05,103.9791252,103.1528399,503.1666667,3779.29673,111.3566323,,,,,,,,,,,,,,,,,,,,
